C_i/C_m((g/L)/M),C_ci/C_m((g/L)/M),C_t/C_m((g/L)/M),C_m (M),T (°C),AMPS feed ratio (mol%),C_c (mg/L),[η] (mL/g),predicted[η] (mL/g)_DECISION_TREE,absolute_error_DECISION_TREE,relative_error(%)_DECISION_TREE,predicted[η] (mL/g)_SVR,absolute_error_SVR,relative_error(%)_SVR,predicted[η] (mL/g)_XGB,absolute_error_XGB,relative_error(%)_XGB,predicted[η] (mL/g)_RANDOM_FOREST,absolute_error_RANDOM_FOREST,relative_error(%)_RANDOM_FOREST,predicted[η] (mL/g)_GBT,absolute_error_GBT,relative_error(%)_GBT,predicted[η] (mL/g)_LINEAR_REGRESSION,absolute_error_LINEAR_REGRESSION,relative_error(%)_LINEAR_REGRESSION
0.000914634146341463,0.000914634146341463,0.000914634146341463,1.64,10,10,1.0,1120.0,1120.0,0.0,0.0,1451.18,-331.18,-29.57,1184.15,-64.15,-5.73,1360.93,-240.93,-21.51,1338.51,-218.51,-19.51,1805.04,-685.04,-61.16
0.00914634146341463,0.00914634146341463,0.00914634146341463,1.64,15,10,1.5,1385.0,1385.0,0.0,0.0,1503.8,-118.8,-8.58,1387.02,-2.02,-0.15,1411.0,-26.0,-1.88,1443.35,-58.35,-4.21,1623.56,-238.56,-17.22
0.0914634146341463,0.0914634146341463,0.0914634146341463,1.64,20,10,2.0,240.0,240.0,0.0,0.0,265.34,-25.34,-10.56,240.57,-0.57,-0.24,240.72,-0.72,-0.3,244.14,-4.14,-1.72,308.5,-68.5,-28.54
0.0,0.0091324200913242,9.1324200913242e-05,2.19,10,10,2.0,927.0,927.0,0.0,0.0,1749.3,-822.3,-88.71,1011.75,-84.75,-9.14,1421.11,-494.11,-53.3,1263.78,-336.78,-36.33,1851.38,-924.38,-99.72
9.1324200913242e-05,0.091324200913242,0.0009132420091324201,2.19,15,10,0.0,947.0,947.0,0.0,0.0,1784.2,-837.2,-88.41,1032.17,-85.17,-8.99,1372.82,-425.82,-44.97,1289.77,-342.77,-36.2,1774.67,-827.67,-87.4
0.0009132420091324201,0.0,0.0091324200913242,2.19,20,10,0.5,1897.0,1897.0,0.0,0.0,1716.24,180.76,9.53,1878.86,18.14,0.96,1719.93,177.07,9.33,1758.35,138.65,7.31,1534.24,362.76,19.12
0.0091324200913242,9.1324200913242e-05,0.091324200913242,2.19,0,10,1.0,687.0,687.0,0.0,0.0,759.28,-72.28,-10.52,691.83,-4.83,-0.7,724.97,-37.97,-5.53,684.88,2.12,0.31,680.36,6.64,0.97
0.091324200913242,0.0009132420091324201,0.0,2.19,5,10,1.5,239.0,239.0,0.0,0.0,235.66,3.34,1.4,235.72,3.28,1.37,251.65,-12.65,-5.29,243.67,-4.67,-1.95,452.75,-213.75,-89.44
9.15750915750916e-05,0.000915750915750916,0.00915750915750916,2.73,0,10,2.0,1183.0,1183.0,0.0,0.0,1070.13,112.87,9.54,1168.03,14.97,1.27,1184.14,-1.14,-0.1,1106.1,76.9,6.5,1480.33,-297.33,-25.13
0.09157509157509161,0.0,9.15750915750916e-05,2.73,15,10,1.0,832.0,343.0,489.0,58.77,357.79,474.21,57.0,347.71,484.29,58.21,319.31,512.69,61.62,304.3,527.7,63.43,409.57,422.43,50.77
0.0,0.0914634146341463,0.00914634146341463,3.28,5,10,1.0,1146.0,1146.0,0.0,0.0,1384.49,-238.49,-20.81,1120.7,25.3,2.21,1180.23,-34.23,-2.99,1140.76,5.24,0.46,1440.4,-294.4,-25.69
0.00914634146341463,0.000914634146341463,9.14634146341463e-05,3.28,20,10,0.0,1119.0,1119.0,0.0,0.0,1411.9,-292.9,-26.18,1160.23,-41.23,-3.68,1166.51,-47.51,-4.25,1370.36,-251.36,-22.46,1157.41,-38.41,-3.43
0.0914634146341463,0.00914634146341463,0.000914634146341463,3.28,0,10,0.5,490.0,239.0,251.0,51.22,226.43,263.57,53.79,188.03,301.97,61.63,212.68,277.32,56.6,200.35,289.65,59.11,335.88,154.12,31.45
0.0,0.000913838120104439,0.0913838120104439,3.83,15,10,0.5,369.0,369.0,0.0,0.0,407.72,-38.72,-10.49,372.64,-3.64,-0.99,400.84,-31.84,-8.63,349.46,19.54,5.3,597.14,-228.14,-61.83
0.000913838120104439,0.0913838120104439,9.13838120104439e-05,3.83,0,10,1.5,2074.0,2074.0,0.0,0.0,1876.59,197.41,9.52,2088.74,-14.74,-0.71,1891.5,182.5,8.8,2034.21,39.79,1.92,1418.51,655.49,31.61
0.00913838120104439,0.0,0.000913838120104439,3.83,5,10,2.0,1102.0,1314.0,-212.0,-19.24,983.97,118.03,10.71,648.66,453.34,41.14,1178.95,-76.95,-6.98,1079.94,22.06,2.0,1167.18,-65.18,-5.91
0.0913838120104439,9.13838120104439e-05,0.00913838120104439,3.83,10,10,0.0,349.0,300.0,49.0,14.04,302.65,46.35,13.28,297.16,51.84,14.85,293.04,55.96,16.03,256.49,92.51,26.51,282.37,66.63,19.09
0.000980392156862745,0.000980392156862745,0.000980392156862745,1.53,10,20,1.0,2666.0,2666.0,0.0,0.0,1628.9,1037.1,38.9,2530.8,135.2,5.07,2349.28,316.72,11.88,2249.24,416.76,15.63,1772.79,893.21,33.5
0.009803921568627449,0.009803921568627449,0.009803921568627449,1.53,15,20,1.5,1200.0,1600.0,-400.0,-33.33,1580.88,-380.88,-31.74,1840.6,-640.6,-53.38,1471.58,-271.58,-22.63,1676.44,-476.44,-39.7,1574.88,-374.88,-31.24
0.0980392156862745,0.0980392156862745,0.0980392156862745,1.53,20,20,2.0,189.0,251.0,-62.0,-32.8,242.78,-53.78,-28.46,264.74,-75.74,-40.07,246.99,-57.99,-30.68,268.45,-79.45,-42.04,264.3,-75.3,-39.84
0.0,0.009803921568627449,9.80392156862745e-05,2.04,10,20,2.0,3238.0,3238.0,0.0,0.0,2009.56,1228.44,37.94,3021.24,216.76,6.69,2182.68,1055.32,32.59,2577.08,660.92,20.41,1835.3,1402.7,43.32
9.80392156862745e-05,0.0980392156862745,0.000980392156862745,2.04,15,20,0.0,2174.0,2174.0,0.0,0.0,1926.46,247.54,11.39,2156.07,17.93,0.82,1939.15,234.85,10.8,2029.69,144.31,6.64,1774.06,399.94,18.4
0.000980392156862745,0.0,0.009803921568627449,2.04,20,20,0.5,1700.0,1700.0,0.0,0.0,1739.91,-39.91,-2.35,1719.64,-19.64,-1.16,1710.65,-10.65,-0.63,1711.55,-11.55,-0.68,1509.96,190.04,11.18
0.009803921568627449,9.80392156862745e-05,0.0980392156862745,2.04,0,20,1.0,726.0,726.0,0.0,0.0,768.73,-42.73,-5.89,730.13,-4.13,-0.57,732.52,-6.52,-0.9,750.37,-24.37,-3.36,632.77,93.23,12.84
0.0980392156862745,0.000980392156862745,0.0,2.04,5,20,1.5,209.0,239.0,-30.0,-14.35,238.11,-29.11,-13.93,180.67,28.33,13.56,259.81,-50.81,-24.31,263.17,-54.17,-25.92,406.66,-197.66,-94.57
9.80392156862745e-05,0.000980392156862745,0.009803921568627449,2.55,0,20,2.0,996.0,996.0,0.0,0.0,1166.01,-170.01,-17.07,1036.05,-40.05,-4.02,1166.15,-170.15,-17.08,1242.03,-246.03,-24.7,1466.27,-470.27,-47.22
0.009803921568627449,0.0980392156862745,0.0,2.55,10,20,0.5,1713.0,1713.0,0.0,0.0,1394.72,318.28,18.58,1701.54,11.46,0.67,1602.67,110.33,6.44,1763.76,-50.76,-2.96,1452.35,260.65,15.22
0.0980392156862745,0.0,9.80392156862745e-05,2.55,15,20,1.0,343.0,343.0,0.0,0.0,328.47,14.53,4.24,342.86,0.14,0.04,309.01,33.99,9.91,342.33,0.67,0.2,371.1,-28.1,-8.19
0.0,0.0980392156862745,0.009803921568627449,3.06,5,20,1.0,1292.0,1292.0,0.0,0.0,1534.18,-242.18,-18.74,1327.69,-35.69,-2.76,1286.86,5.14,0.4,1407.43,-115.43,-8.93,1450.65,-158.65,-12.28
0.000980392156862745,9.80392156862745e-05,0.0,3.06,15,20,2.0,2487.0,2606.0,-119.0,-4.78,1937.04,549.96,22.11,2642.23,-155.23,-6.24,1981.95,505.05,20.31,2205.49,281.51,11.32,1527.38,959.62,38.59
0.009803921568627449,0.000980392156862745,9.80392156862745e-05,3.06,20,20,0.0,2202.0,2234.0,-32.0,-1.45,1510.35,691.65,31.41,1386.76,815.24,37.02,1239.97,962.03,43.69,1462.6,739.4,33.58,1149.35,1052.65,47.8
0.0980392156862745,0.009803921568627449,0.000980392156862745,3.06,0,20,0.5,258.0,239.0,19.0,7.36,205.91,52.09,20.19,210.71,47.29,18.33,214.61,43.39,16.82,215.91,42.09,16.31,306.12,-48.12,-18.65
0.0,0.000980392156862745,0.0980392156862745,3.57,15,20,0.5,408.0,408.0,0.0,0.0,426.42,-18.42,-4.51,406.15,1.85,0.45,405.52,2.48,0.61,419.37,-11.37,-2.79,572.02,-164.02,-40.2
0.000980392156862745,0.0980392156862745,9.80392156862745e-05,3.57,0,20,1.5,2606.0,2606.0,0.0,0.0,2040.56,565.44,21.7,2576.86,29.14,1.12,2390.76,215.24,8.26,2415.68,190.32,7.3,1444.8,1161.2,44.56
0.009803921568627449,0.0,0.000980392156862745,3.57,5,20,2.0,1595.0,1595.0,0.0,0.0,1146.33,448.67,28.13,1580.82,14.18,0.89,1530.26,64.74,4.06,1527.1,67.9,4.26,1166.36,428.64,26.87
0.0980392156862745,9.80392156862745e-05,0.009803921568627449,3.57,10,20,0.0,300.0,300.0,0.0,0.0,271.42,28.58,9.53,300.21,-0.21,-0.07,298.4,1.6,0.53,306.39,-6.39,-2.13,257.38,42.62,14.21
0.00111940298507463,0.00111940298507463,0.00111940298507463,1.34,10,30,1.0,1500.0,1500.0,0.0,0.0,1712.86,-212.86,-14.19,1566.89,-66.89,-4.46,1659.67,-159.67,-10.64,1608.93,-108.93,-7.26,1762.87,-262.87,-17.52
0.0111940298507463,0.0111940298507463,0.0111940298507463,1.34,15,30,1.5,1200.0,1200.0,0.0,0.0,1533.3,-333.3,-27.78,1209.83,-9.83,-0.82,1272.14,-72.14,-6.01,1233.11,-33.11,-2.76,1525.49,-325.49,-27.12
0.11194029850746301,0.11194029850746301,0.11194029850746301,1.34,20,30,2.0,251.0,251.0,0.0,0.0,227.22,23.78,9.47,248.73,2.27,0.9,233.14,17.86,7.12,242.78,8.22,3.27,196.9,54.1,21.55
0.0,0.0111731843575419,0.00011173184357541901,1.79,10,30,2.0,1552.0,1552.0,0.0,0.0,2147.92,-595.92,-38.4,1658.64,-106.64,-6.87,1772.19,-220.19,-14.19,1855.26,-303.26,-19.54,1853.17,-301.17,-19.41
0.00011173184357541901,0.11173184357541902,0.00111731843575419,1.79,15,30,0.0,2199.0,2199.0,0.0,0.0,1924.55,274.45,12.48,2159.8,39.2,1.78,2020.12,178.88,8.13,1940.19,258.81,11.77,1822.24,376.76,17.13
0.00111731843575419,0.0,0.0111731843575419,1.79,20,30,0.5,1769.0,1769.0,0.0,0.0,1636.09,132.91,7.51,1756.18,12.82,0.72,1713.14,55.86,3.16,1667.65,101.35,5.73,1502.36,266.64,15.07
0.0111731843575419,0.00011173184357541901,0.11173184357541902,1.79,0,30,1.0,806.0,806.0,0.0,0.0,729.09,76.91,9.54,796.57,9.43,1.17,730.54,75.46,9.36,743.35,62.65,7.77,561.01,244.99,30.4
0.11173184357541902,0.00111731843575419,0.0,1.79,5,30,1.5,142.0,142.0,0.0,0.0,250.17,-108.17,-76.18,146.19,-4.19,-2.95,196.02,-54.02,-38.04,159.13,-17.13,-12.06,335.8,-193.8,-136.48
0.00011210762331838599,0.0011210762331838602,0.0112107623318386,2.23,0,30,2.0,1330.0,1330.0,0.0,0.0,1222.05,107.95,8.12,1289.11,40.89,3.07,1278.0,52.0,3.91,1271.89,58.11,4.37,1479.32,-149.32,-11.23
0.0112107623318386,0.112107623318386,0.0,2.23,10,30,0.5,1337.0,1337.0,0.0,0.0,1477.46,-140.46,-10.51,1345.19,-8.19,-0.61,1402.77,-65.77,-4.92,1342.85,-5.85,-0.44,1482.22,-145.22,-10.86
0.112107623318386,0.0,0.00011210762331838599,2.23,15,30,1.0,247.0,247.0,0.0,0.0,291.89,-44.89,-18.17,249.05,-2.05,-0.83,261.34,-14.34,-5.81,262.35,-15.35,-6.21,308.41,-61.41,-24.86
0.0,0.11194029850746301,0.0111940298507463,2.68,5,30,1.0,1626.0,1626.0,0.0,0.0,1561.76,64.24,3.95,1600.81,25.19,1.55,1569.04,56.96,3.5,1480.38,145.62,8.96,1509.97,116.03,7.14
0.00111940298507463,0.000111940298507463,0.0,2.68,15,30,2.0,2400.0,2400.0,0.0,0.0,2170.76,229.24,9.55,2342.62,57.38,2.39,1975.88,424.12,17.67,2114.4,285.6,11.9,1571.45,828.55,34.52
0.0111940298507463,0.00111940298507463,0.000111940298507463,2.68,20,30,0.0,494.0,494.0,0.0,0.0,1539.77,-1045.77,-211.69,504.96,-10.96,-2.22,730.7,-236.7,-47.91,600.98,-106.98,-21.66,1161.25,-667.25,-135.07
0.11194029850746301,0.0111940298507463,0.00111940298507463,2.68,0,30,0.5,156.0,156.0,0.0,0.0,190.65,-34.65,-22.21,157.35,-1.35,-0.87,190.26,-34.26,-21.96,168.5,-12.5,-8.01,257.99,-101.99,-65.38
0.0,0.00111821086261981,0.11182108626198099,3.13,15,30,0.5,480.0,485.0,-5.0,-1.04,442.55,37.45,7.8,472.61,7.39,1.54,471.92,8.08,1.68,386.39,93.61,19.5,534.51,-54.51,-11.36
0.000111821086261981,0.0111821086261981,0.0,3.13,20,30,1.0,2022.0,2022.0,0.0,0.0,1829.21,192.79,9.53,2032.02,-10.02,-0.5,1937.08,84.92,4.2,1994.71,27.29,1.35,1401.42,620.58,30.69
0.00111821086261981,0.11182108626198099,0.000111821086261981,3.13,0,30,1.5,2405.0,2405.0,0.0,0.0,1968.4,436.6,18.15,2377.47,27.53,1.14,2216.24,188.76,7.85,2174.25,230.75,9.59,1532.97,872.03,36.26
0.0111821086261981,0.0,0.00111821086261981,3.13,5,30,2.0,1490.0,1490.0,0.0,0.0,1348.62,141.38,9.49,1484.41,5.59,0.38,1301.94,188.06,12.62,1426.82,63.18,4.24,1189.63,300.37,20.16
0.11182108626198099,0.000111821086261981,0.0111821086261981,3.13,10,30,0.0,385.0,300.0,85.0,22.08,230.85,154.15,40.04,194.29,190.71,49.54,285.11,99.89,25.95,218.04,166.96,43.37,217.0,168.0,43.64
0.00125,0.00125,0.00125,1.2,10,40,1.0,2475.0,1990.0,485.0,19.6,1735.68,739.32,29.87,1740.21,734.79,29.69,1664.36,810.64,32.75,1725.07,749.93,30.3,1738.09,736.91,29.77
0.0125,0.0125,0.0125,1.2,15,40,1.5,1535.0,1535.0,0.0,0.0,1459.92,75.08,4.89,1489.74,45.26,2.95,1385.29,149.71,9.75,1400.96,134.04,8.73,1467.4,67.6,4.4
0.125,0.125,0.125,1.2,20,40,2.0,149.0,149.0,0.0,0.0,236.31,-87.31,-58.6,152.02,-3.02,-2.03,175.78,-26.78,-17.97,162.37,-13.37,-8.97,148.0,1.0,0.67
0.0,0.0125,0.000125,1.6,10,40,2.0,2393.0,2393.0,0.0,0.0,2165.79,227.21,9.49,2386.89,6.11,0.26,2057.43,335.57,14.02,2253.99,139.01,5.81,1851.64,541.36,22.62
0.000125,0.125,0.00125,1.6,15,40,0.0,1390.0,2199.0,-809.0,-58.2,1760.69,-370.69,-26.67,1808.44,-418.44,-30.1,1854.85,-464.85,-33.44,1742.97,-352.97,-25.39,1851.15,-461.15,-33.18
0.00125,0.0,0.0125,1.6,20,40,0.5,1600.0,1600.0,0.0,0.0,1489.08,110.92,6.93,1602.44,-2.44,-0.15,1571.32,28.68,1.79,1669.78,-69.78,-4.36,1479.83,120.17,7.51
0.0125,0.000125,0.125,1.6,0,40,1.0,616.0,616.0,0.0,0.0,681.05,-65.05,-10.56,620.84,-4.84,-0.79,660.62,-44.62,-7.24,647.49,-31.49,-5.11,494.16,121.84,19.78
0.125,0.00125,0.0,1.6,5,40,1.5,314.0,314.0,0.0,0.0,284.22,29.78,9.48,309.66,4.34,1.38,264.63,49.37,15.72,283.16,30.84,9.82,276.1,37.9,12.07
0.000125,0.00125,0.0125,2.0,0,40,2.0,1100.0,1100.0,0.0,0.0,1247.55,-147.55,-13.41,1129.17,-29.17,-2.65,1192.0,-92.0,-8.36,1272.58,-172.58,-15.69,1470.62,-370.62,-33.69
0.0125,0.125,0.0,2.0,10,40,0.5,1510.0,1510.0,0.0,0.0,1423.76,86.24,5.71,1506.1,3.9,0.26,1506.87,3.13,0.21,1426.18,83.82,5.55,1489.09,20.91,1.38
0.125,0.0,0.000125,2.0,15,40,1.0,211.0,247.0,-36.0,-17.06,295.01,-84.01,-39.82,306.69,-95.69,-45.35,276.07,-65.07,-30.84,322.38,-111.38,-52.79,256.68,-45.68,-21.65
0.0,0.125,0.0125,2.4,5,40,1.0,1482.0,1482.0,0.0,0.0,1457.62,24.38,1.65,1476.96,5.04,0.34,1442.95,39.05,2.63,1438.2,43.8,2.96,1543.63,-61.63,-4.16
0.00125,0.000125,0.0,2.4,15,40,2.0,2234.0,2234.0,0.0,0.0,2182.37,51.63,2.31,2196.96,37.04,1.66,2155.0,79.0,3.54,2086.91,147.09,6.58,1589.02,644.98,28.87
0.0125,0.00125,0.000125,2.4,20,40,0.0,1393.0,1393.0,0.0,0.0,1441.06,-48.06,-3.45,1395.69,-2.69,-0.19,1325.84,67.16,4.82,1380.19,12.81,0.92,1154.38,238.62,17.13
0.125,0.0125,0.00125,2.4,0,40,0.5,227.0,227.0,0.0,0.0,206.62,20.38,8.98,225.62,1.38,0.61,227.89,-0.89,-0.39,217.46,9.54,4.2,216.29,10.71,4.72
0.0,0.00125,0.125,2.8,15,40,0.5,485.0,485.0,0.0,0.0,438.77,46.23,9.53,479.95,5.05,1.04,440.55,44.45,9.16,423.06,61.94,12.77,492.31,-7.31,-1.51
0.000125,0.0125,0.0,2.8,20,40,1.0,1963.0,1963.0,0.0,0.0,1797.01,165.99,8.46,1933.71,29.29,1.49,1804.5,158.5,8.07,1798.06,164.94,8.4,1434.73,528.27,26.91
0.00125,0.125,0.000125,2.8,0,40,1.5,1637.0,1637.0,0.0,0.0,1718.44,-81.44,-4.97,1644.43,-7.43,-0.45,1713.1,-76.1,-4.65,1686.39,-49.39,-3.02,1594.33,42.67,2.61
0.0125,0.0,0.00125,2.8,5,40,2.0,783.0,783.0,0.0,0.0,1479.77,-696.77,-88.99,803.88,-20.88,-2.67,860.33,-77.33,-9.88,989.7,-206.7,-26.4,1191.4,-408.4,-52.16
0.125,0.000125,0.0125,2.8,10,40,0.0,247.0,300.0,-53.0,-21.46,226.76,20.24,8.19,211.5,35.5,14.37,281.65,-34.65,-14.03,295.55,-48.55,-19.66,181.14,65.86,26.66
0.00138888888888889,0.00138888888888889,0.00138888888888889,1.08,10,50,1.0,1990.0,1990.0,0.0,0.0,1698.1,291.9,14.67,1937.64,52.36,2.63,1847.85,142.15,7.14,1759.39,230.61,11.59,1707.4,282.6,14.2
0.0138888888888889,0.0138888888888889,0.0138888888888889,1.08,15,50,1.5,965.0,965.0,0.0,0.0,1364.74,-399.74,-41.42,977.74,-12.74,-1.32,1117.13,-152.13,-15.76,1130.41,-165.41,-17.14,1404.17,-439.17,-45.51
0.138888888888889,0.138888888888889,0.138888888888889,1.08,20,50,2.0,382.0,149.0,233.0,60.99,269.79,112.21,29.37,187.83,194.17,50.83,190.83,191.17,50.04,155.28,226.72,59.35,108.94,273.06,71.48
0.0,0.0138888888888889,0.000138888888888889,1.44,10,50,2.0,2500.0,2500.0,0.0,0.0,2082.9,417.1,16.68,2432.02,67.98,2.72,2201.86,298.14,11.93,2219.99,280.01,11.2,1840.61,659.39,26.38
0.000138888888888889,0.138888888888889,0.00138888888888889,1.44,15,50,0.0,1675.0,1675.0,0.0,0.0,1515.69,159.31,9.51,1683.56,-8.56,-0.51,1653.43,21.57,1.29,1669.14,5.86,0.35,1872.32,-197.32,-11.78
0.00138888888888889,0.0,0.0138888888888889,1.44,20,50,0.5,1500.0,1500.0,0.0,0.0,1334.18,165.82,11.05,1511.49,-11.49,-0.77,1542.49,-42.49,-2.83,1516.34,-16.34,-1.09,1449.18,50.82,3.39
0.0138888888888889,0.000138888888888889,0.138888888888889,1.44,0,50,1.0,600.0,600.0,0.0,0.0,635.52,-35.52,-5.92,601.09,-1.09,-0.18,583.95,16.05,2.68,609.21,-9.21,-1.54,430.51,169.49,28.25
0.138888888888889,0.00138888888888889,0.0,1.44,5,50,1.5,330.0,330.0,0.0,0.0,339.19,-9.19,-2.78,332.37,-2.37,-0.72,298.97,31.03,9.4,328.24,1.76,0.53,223.81,106.19,32.18
0.000138888888888889,0.00138888888888889,0.0138888888888889,1.8,0,50,2.0,1120.0,1120.0,0.0,0.0,1238.34,-118.34,-10.57,1118.0,2.0,0.18,1183.08,-63.08,-5.63,1144.42,-24.42,-2.18,1453.19,-333.19,-29.75
0.0138888888888889,0.138888888888889,0.0,1.8,10,50,0.5,1676.0,1684.0,-8.0,-0.48,1279.13,396.87,23.68,1356.87,319.13,19.04,1565.28,110.72,6.61,1389.77,286.23,17.08,1488.23,187.77,11.2
0.138888888888889,0.0,0.000138888888888889,1.8,15,50,1.0,362.0,362.0,0.0,0.0,327.57,34.43,9.51,363.06,-1.06,-0.29,322.5,39.5,10.91,364.79,-2.79,-0.77,209.45,152.55,42.14
0.0,0.138888888888889,0.0138888888888889,2.16,5,50,1.0,1153.0,1153.0,0.0,0.0,1274.31,-121.31,-10.52,1161.75,-8.75,-0.76,1294.95,-141.95,-12.31,1224.8,-71.8,-6.23,1567.98,-414.98,-35.99
0.00138888888888889,0.000138888888888889,0.0,2.16,15,50,2.0,2161.0,2161.0,0.0,0.0,2041.22,119.78,5.54,2161.17,-0.17,-0.01,2139.16,21.84,1.01,2058.49,102.51,4.74,1595.43,565.57,26.17
0.0138888888888889,0.00138888888888889,0.000138888888888889,2.16,20,50,0.0,1781.0,1781.0,0.0,0.0,1286.32,494.68,27.78,1756.17,24.83,1.39,1570.38,210.62,11.83,1471.04,309.96,17.4,1138.22,642.78,36.09
0.138888888888889,0.0138888888888889,0.00138888888888889,2.16,0,50,0.5,250.0,250.0,0.0,0.0,248.79,1.21,0.48,251.43,-1.43,-0.57,250.82,-0.82,-0.33,244.64,5.36,2.14,177.92,72.08,28.83
0.0,0.00138888888888889,0.138888888888889,2.52,15,50,0.5,230.0,230.0,0.0,0.0,424.89,-194.89,-84.73,232.53,-2.53,-1.1,331.47,-101.47,-44.12,248.91,-18.91,-8.22,447.0,-217.0,-94.35
0.000138888888888889,0.0138888888888889,0.0,2.52,20,50,1.0,1200.0,1200.0,0.0,0.0,1629.52,-429.52,-35.79,1254.15,-54.15,-4.51,1415.1,-215.1,-17.92,1464.16,-264.16,-22.01,1456.21,-256.21,-21.35
0.00138888888888889,0.138888888888889,0.000138888888888889,2.52,0,50,1.5,1447.0,1447.0,0.0,0.0,1415.24,31.76,2.19,1459.85,-12.85,-0.89,1517.17,-70.17,-4.85,1542.12,-95.12,-6.57,1645.3,-198.3,-13.7
0.0138888888888889,0.0,0.00138888888888889,2.52,5,50,2.0,1684.0,1684.0,0.0,0.0,1523.24,160.76,9.55,1653.97,30.03,1.78,1353.49,330.51,19.63,1280.35,403.65,23.97,1181.53,502.47,29.84
0.138888888888889,0.000138888888888889,0.0138888888888889,2.52,10,50,0.0,247.0,362.0,-115.0,-46.56,252.48,-5.48,-2.22,263.47,-16.47,-6.67,296.41,-49.41,-20.0,375.19,-128.19,-51.9,148.27,98.73,39.97
0.000914634146341463,9.14634146341463e-05,9.14634146341463e-05,1.64,5,10,0.5,1200.0,1200.0,0.0,0.0,1118.08,81.92,6.83,1194.26,5.74,0.48,1367.58,-167.58,-13.97,1302.99,-102.99,-8.58,1697.37,-497.37,-41.45
0.00914634146341463,0.000914634146341463,0.000914634146341463,1.64,10,10,1.0,1314.0,1314.0,0.0,0.0,1307.57,6.43,0.49,1285.62,28.38,2.16,1403.13,-89.13,-6.78,1235.75,78.25,5.96,1601.1,-287.1,-21.85
0.0457317073170732,0.00914634146341463,0.00914634146341463,1.64,15,10,1.5,3256.0,1684.0,1572.0,48.28,795.73,2460.27,75.56,1259.22,1996.78,61.33,744.13,2511.87,77.15,801.91,2454.09,75.37,952.92,2303.08,70.73
9.1324200913242e-05,0.0091324200913242,9.1324200913242e-05,2.19,10,10,2.0,3068.0,3068.0,0.0,0.0,1747.32,1320.68,43.05,2813.4,254.6,8.3,2312.88,755.12,24.61,2250.81,817.19,26.64,1848.92,1219.08,39.74
0.0009132420091324201,0.091324200913242,0.0009132420091324201,2.19,15,10,0.0,2163.0,2163.0,0.0,0.0,1769.53,393.47,18.19,2055.28,107.72,4.98,1940.72,222.28,10.28,1759.2,403.8,18.67,1753.55,409.45,18.93
0.045662100456621,0.0009132420091324201,0.091324200913242,2.19,0,10,1.0,985.0,600.0,385.0,39.09,568.83,416.17,42.25,732.97,252.03,25.59,473.65,511.35,51.91,486.72,498.28,50.59,400.13,584.87,59.38
0.000915750915750916,0.000915750915750916,0.00915750915750916,2.73,0,10,2.0,1500.0,1500.0,0.0,0.0,1060.29,439.71,29.31,1506.28,-6.28,-0.42,1474.99,25.01,1.67,1501.94,-1.94,-0.13,1462.66,37.34,2.49
0.00915750915750916,0.00915750915750916,0.09157509157509161,2.73,5,10,0.0,1541.0,1541.0,0.0,0.0,718.05,822.95,53.4,1514.29,26.71,1.73,1047.62,493.38,32.02,1395.19,145.81,9.46,585.47,955.53,62.01
0.045787545787545805,0.09157509157509161,0.0,2.73,10,10,0.5,435.0,435.0,0.0,0.0,659.4,-224.4,-51.59,437.53,-2.53,-0.58,607.64,-172.64,-39.69,445.46,-10.46,-2.4,855.52,-420.52,-96.67
9.14634146341463e-05,0.0914634146341463,0.000914634146341463,3.28,5,10,1.0,1379.0,947.0,432.0,31.33,1424.62,-45.62,-3.31,1468.28,-89.28,-6.47,1534.55,-155.55,-11.28,1333.8,45.2,3.28,1535.18,-156.18,-11.33
0.000914634146341463,0.0,0.0914634146341463,3.28,10,10,1.5,580.0,580.0,0.0,0.0,592.64,-12.64,-2.18,579.8,0.2,0.03,583.01,-3.01,-0.52,627.8,-47.8,-8.24,692.21,-112.21,-19.35
0.0457317073170732,0.000914634146341463,9.14634146341463e-05,3.28,20,10,0.0,2084.0,2084.0,0.0,0.0,1018.15,1065.85,51.14,2013.26,70.74,3.39,1116.39,967.61,46.43,1619.97,464.03,22.27,679.32,1404.68,67.4
9.13838120104439e-05,0.000913838120104439,0.0913838120104439,3.83,15,10,0.5,368.0,368.0,0.0,0.0,407.62,-39.62,-10.77,365.21,2.79,0.76,398.78,-30.78,-8.36,378.33,-10.33,-2.81,596.35,-228.35,-62.05
0.0009138,0.00913838120104439,0.0,3.83,20,10,1.0,2432.0,2432.0,0.0,0.0,1458.44,973.56,40.03,2410.37,21.63,0.89,2081.77,350.23,14.4,2251.31,180.69,7.43,1313.04,1118.96,46.01
0.0456919060052219,0.0,0.000913838120104439,3.83,5,10,2.0,357.0,357.0,0.0,0.0,558.28,-201.28,-56.38,365.12,-8.12,-2.27,482.52,-125.52,-35.16,390.2,-33.2,-9.3,685.37,-328.37,-91.98
0.0103448275862069,0.00431034482758621,0.0,1.45,5,75,5.0,1200.0,1200.0,0.0,0.0,1326.17,-126.17,-10.51,1212.07,-12.07,-1.01,1286.94,-86.94,-7.24,1339.53,-139.53,-11.63,1823.29,-623.29,-51.94
0.00630252100840336,0.00262605042016807,0.0,2.38,5,25,2.0,1555.0,1555.0,0.0,0.0,1557.76,-2.76,-0.18,1589.14,-34.14,-2.2,1650.62,-95.62,-6.15,1801.38,-246.38,-15.84,1501.06,53.94,3.47
0.00172413793103448,0.006896551724137929,0.0,1.45,5,75,2.0,1705.0,1705.0,0.0,0.0,1581.97,123.03,7.22,1694.26,10.74,0.63,1522.08,182.92,10.73,1520.31,184.69,10.83,1587.61,117.39,6.89
0.00010499999999999999,0.004200000000000001,0.00010499999999999999,2.38095238095238,17,25,0.2,2076.48000058533,2076.48,0.0,0.0,1765.02,311.46,15.0,2083.64,-7.16,-0.34,1920.08,156.4,7.53,1978.89,97.59,4.7,1477.36,599.12,28.85
0.00020999999999999998,0.00041999999999999996,0.00041999999999999996,2.38095238095238,15,25,0.2,1622.92088313968,1675.0,-52.08,-3.21,1689.16,-66.24,-4.08,1642.26,-19.34,-1.19,1585.6,37.32,2.3,1408.67,214.25,13.2,1450.3,172.62,10.64
0.00010499999999999999,0.00041999999999999996,2.1000000000000002e-05,2.38095238095238,15,25,0.2,2056.09225076216,2056.09,0.0,0.0,1691.74,364.35,17.72,2013.9,42.19,2.05,1648.2,407.89,19.84,1827.78,228.31,11.1,1457.11,598.98,29.13
0.00041999999999999996,0.0008399999999999999,0.00020999999999999998,2.38095238095238,20,25,0.2,1815.88599287845,1815.89,-0.0,-0.0,1775.5,40.39,2.22,1830.3,-14.41,-0.79,1711.55,104.34,5.75,1842.82,-26.93,-1.48,1481.64,334.25,18.41
0.00015560000000000001,0.00031120000000000003,7.780000000000001e-05,3.2133676092545,10,5,0.2,541.054153894344,541.05,0.0,0.0,953.89,-412.84,-76.3,556.54,-15.49,-2.86,944.39,-403.34,-74.55,649.02,-107.97,-19.96,1322.38,-781.33,-144.41
0.0007779999999999999,0.0006224000000000001,0.00031120000000000003,3.2133676092545,10,5,0.2,1808.29847099356,1808.3,-0.0,-0.0,948.0,860.3,47.58,1752.38,55.92,3.09,1270.73,537.57,29.73,1582.13,226.17,12.51,1308.63,499.67,27.63
0.000310932475884244,0.0006218649517684891,0.0,1.60806618407446,15,90,0.3,1192.5869961603,1192.59,-0.0,-0.0,1033.75,158.84,13.32,1194.31,-1.72,-0.14,1162.7,29.89,2.51,1191.6,0.99,0.08,1329.42,-136.83,-11.47
0.0012437299035369799,0.0012437299035369799,0.0,1.60806618407446,15,90,0.2,939.384817635656,939.38,0.0,0.0,1013.19,-73.81,-7.86,945.04,-5.66,-0.6,1025.49,-86.11,-9.17,972.11,-32.73,-3.48,1301.03,-361.65,-38.5
0.000299666666666667,0.000599333333333333,0.0,1.66852057842047,15,80,0.2,1318.63182712561,1318.63,0.0,0.0,1131.97,186.66,14.16,1291.57,27.06,2.05,1215.9,102.73,7.79,1230.96,87.67,6.65,1351.53,-32.9,-2.5
0.00119866666666667,0.0,0.0,1.66852057842047,15,80,0.2,1020.11050680825,1020.11,0.0,0.0,1127.09,-106.98,-10.49,1046.25,-26.14,-2.56,1070.27,-50.16,-4.92,1137.88,-117.77,-11.54,1332.76,-312.65,-30.65
0.000277,0.000554,0.0,1.80505415162455,15,70,0.2,1131.77794186934,1131.78,-0.0,-0.0,1266.54,-134.76,-11.91,1130.36,1.42,0.13,1122.75,9.03,0.8,1079.41,52.37,4.63,1368.23,-236.45,-20.89
0.0,0.01662,0.0,1.80505415162455,15,70,0.0,740.545675301757,740.55,-0.0,-0.0,1230.43,-489.88,-66.15,764.35,-23.8,-3.21,870.75,-130.2,-17.58,818.36,-77.81,-10.51,1381.99,-641.44,-86.62
0.00025433333333333303,0.000508666666666667,0.0,1.96592398427261,15,60,0.2,997.022933441407,997.02,0.0,0.0,1419.31,-422.29,-42.36,1009.58,-12.56,-1.26,1046.14,-49.12,-4.93,1036.71,-39.69,-3.98,1379.27,-382.25,-38.34
0.0,0.015260000000000001,0.0,1.96592398427261,15,60,0.0,1016.28138799641,1016.28,0.0,0.0,1387.47,-371.19,-36.52,978.05,38.23,3.76,994.97,21.31,2.1,1012.88,3.4,0.33,1389.97,-373.69,-36.77
0.00071,0.00142,0.000355,2.8169014084507,10,0,0.2,838.064869536031,838.06,0.0,0.0,980.03,-141.97,-16.94,855.72,-17.66,-2.11,1051.89,-213.83,-25.51,938.01,-99.95,-11.93,1430.29,-592.23,-70.67
0.0,0.0070999999999999995,0.000355,2.8169014084507,10,0,0.2,905.812481869346,905.81,0.0,0.0,1000.73,-94.92,-10.48,890.12,15.69,1.73,994.75,-88.94,-9.82,877.68,28.13,3.11,1457.38,-551.57,-60.89
0.00028735632183907997,0.0022988505747126397,0.0,1.74,5,75,0.2,1101.0,1101.0,0.0,0.0,1216.52,-115.52,-10.49,1066.2,34.8,3.16,1066.15,34.85,3.17,1034.73,66.27,6.02,1303.53,-202.53,-18.4
0.0028735632183908002,0.0,0.0,1.74,5,75,0.2,1032.0,1020.11,11.89,1.15,1192.6,-160.6,-15.56,1154.79,-122.79,-11.9,1078.63,-46.63,-4.52,1207.46,-175.46,-17.0,1251.07,-219.07,-21.23
0.000345,0.00138,0.0,1.44927536231884,25,100,0.2,888.099691821752,939.38,-51.28,-5.77,803.06,85.04,9.58,1020.18,-132.08,-14.87,1022.93,-134.83,-15.18,1166.27,-278.17,-31.32,1367.0,-478.9,-53.92
0.000295714285714286,0.00118285714285714,0.0,1.69082125603865,5,100,0.2,748.045530007381,748.05,-0.0,-0.0,922.32,-174.27,-23.3,765.2,-17.15,-2.29,861.6,-113.55,-15.18,797.9,-49.85,-6.66,1199.97,-451.92,-60.41
0.000345,0.00138,0.0,1.44927536231884,5,100,0.2,849.314279806248,1101.0,-251.69,-29.63,962.35,-113.04,-13.31,955.34,-106.03,-12.48,963.02,-113.71,-13.39,1159.19,-309.88,-36.49,1251.07,-401.76,-47.3
0.00020689655172413798,0.0206896551724138,0.0,1.45,5,100,0.2,1151.0,740.55,410.45,35.66,970.61,180.39,15.67,959.77,191.23,16.61,1022.89,128.11,11.13,907.36,243.64,21.17,1289.84,-138.84,-12.06
0.0020661157024793398,0.008264462809917359,0.0,1.21,5,100,2.0,1386.0,1386.0,0.0,0.0,1229.61,156.39,11.28,1393.32,-7.32,-0.53,1431.03,-45.03,-3.25,1413.18,-27.18,-1.96,1509.17,-123.17,-8.89
0.00833333333333333,0.0034722222222222203,0.0277777777777778,1.8,5,50,5.0,1805.0,1805.0,0.0,0.0,1633.41,171.59,9.51,1784.2,20.8,1.15,1756.61,48.39,2.68,1658.79,146.21,8.1,1549.12,255.88,14.18
0.00138888888888889,0.009722222222222219,0.0,1.8,5,50,5.0,1797.0,1797.0,0.0,0.0,1724.55,72.45,4.03,1807.93,-10.93,-0.61,1807.32,-10.32,-0.57,1896.52,-99.52,-5.54,2154.68,-357.68,-19.9
0.00555555555555556,0.00416666666666667,0.0,1.8,5,50,5.0,1896.0,1777.0,119.0,6.28,1672.79,223.21,11.77,1844.78,51.22,2.7,1784.97,111.03,5.86,1858.81,37.19,1.96,2011.18,-115.18,-6.07
0.00833333333333333,0.0034722222222222203,0.0,1.8,5,50,2.0,1896.0,1896.0,0.0,0.0,1717.73,178.27,9.4,1783.03,112.97,5.96,1839.81,56.19,2.96,1789.26,106.74,5.63,1476.14,419.86,22.14
0.00555555555555556,0.0034722222222222203,0.0111111111111111,1.8,5,50,2.0,1868.0,1868.0,0.0,0.0,1787.44,80.56,4.31,1829.84,38.16,2.04,1805.74,62.26,3.33,1775.56,92.44,4.95,1407.85,460.15,24.63
0.00833333333333333,0.0034722222222222203,0.0111111111111111,1.8,5,50,2.0,1656.0,1656.0,0.0,0.0,1731.34,-75.34,-4.55,1699.87,-43.87,-2.65,1717.18,-61.18,-3.69,1725.97,-69.97,-4.23,1352.03,303.97,18.36
0.00833333333333333,0.0034722222222222203,0.0,1.8,5,50,1.0,1654.5,1654.5,0.0,0.0,1520.21,134.29,8.12,1717.71,-63.21,-3.82,1715.5,-61.0,-3.69,1769.9,-115.4,-6.97,1350.08,304.42,18.4
0.00833333333333333,0.0034722222222222203,0.0,1.8,5,50,3.0,1734.0,1734.0,0.0,0.0,1815.25,-81.25,-4.69,1748.05,-14.05,-0.81,1789.48,-55.48,-3.2,1789.26,-55.26,-3.19,1613.97,120.03,6.92
0.00555555555555556,0.00416666666666667,0.0,1.8,5,50,3.0,1600.0,1777.0,-177.0,-11.06,1871.67,-271.67,-16.98,1847.14,-247.14,-15.45,1802.65,-202.65,-12.67,1858.81,-258.81,-16.18,1682.34,-82.34,-5.15
0.00277777777777778,0.00416666666666667,0.0,1.8,5,50,5.0,1777.0,1777.0,0.0,0.0,1700.73,76.27,4.29,1844.78,-67.78,-3.81,1794.11,-17.11,-0.96,1858.81,-81.81,-4.6,2094.21,-317.21,-17.85
0.00277777777777778,0.00416666666666667,0.0111111111111111,1.8,5,50,5.0,1947.0,1947.0,0.0,0.0,1725.61,221.39,11.37,1857.45,89.55,4.6,1862.52,84.48,4.34,1775.56,171.44,8.81,1918.14,28.86,1.48
0.00833333333333333,0.0034722222222222203,0.00555555555555556,1.8,5,50,2.0,1896.0,1896.0,0.0,0.0,1729.53,166.47,8.78,1851.83,44.17,2.33,1835.49,60.51,3.19,1784.53,111.47,5.88,1412.72,483.28,25.49
0.00833333333333333,0.005,0.0,1.8,5,50,2.0,1754.0,1754.0,0.0,0.0,1723.88,30.12,1.72,1779.17,-25.17,-1.44,1782.66,-28.66,-1.63,1789.26,-35.26,-2.01,1479.49,274.51,15.65
0.00138888888888889,0.00555555555555556,0.00277777777777778,1.8,5,50,2.0,1919.5,1919.5,0.0,0.0,1869.78,49.72,2.59,1875.21,44.29,2.31,1850.46,69.04,3.6,1842.1,77.4,4.03,1602.73,316.77,16.5
0.00555555555555556,0.00416666666666667,0.0,1.8,5,50,2.0,1814.0,1814.0,0.0,0.0,1776.98,37.02,2.04,1877.8,-63.8,-3.52,1827.72,-13.72,-0.76,1858.81,-44.81,-2.47,1538.67,275.33,15.18
0.00138888888888889,0.00833333333333333,0.00416666666666667,1.8,5,50,2.0,1555.0,1555.0,0.0,0.0,1884.03,-329.03,-21.16,1665.92,-110.92,-7.13,1686.3,-131.3,-8.44,1837.91,-282.91,-18.19,1591.77,-36.77,-2.36
0.00138888888888889,0.00555555555555556,0.00416666666666667,1.8,5,50,2.0,2187.5,1919.5,268.0,12.25,1872.45,315.05,14.4,1811.69,375.81,17.18,1859.37,328.13,15.0,1837.91,349.59,15.98,1585.23,602.27,27.53
0.00138888888888889,0.00555555555555556,0.0,1.8,5,50,0.5,2069.0,2069.0,0.0,0.0,1520.13,548.87,26.53,1935.99,133.01,6.43,1951.57,117.43,5.68,1876.0,193.0,9.33,1432.98,636.02,30.74
0.00138888888888889,0.00555555555555556,0.0,1.8,5,50,1.0,1925.3,1925.3,0.0,0.0,1650.93,274.37,14.25,1905.87,19.43,1.01,1894.56,30.74,1.6,1876.0,49.3,2.56,1498.39,426.91,22.17
0.00138888888888889,0.00416666666666667,0.0,1.8,5,50,1.0,1902.0,1925.3,-23.3,-1.23,1644.88,257.12,13.52,1881.5,20.5,1.08,1860.26,41.74,2.19,1855.27,46.73,2.46,1495.31,406.69,21.38
0.0075,0.003125,0.0,2.0,5,40,1.0,1656.0,1656.0,0.0,0.0,1502.18,153.82,9.29,1702.03,-46.03,-2.78,1692.9,-36.9,-2.23,1742.83,-86.83,-5.24,1367.15,288.85,17.44
0.0075,0.003125,0.0,2.0,5,40,0.5,1754.0,2069.0,-315.0,-17.96,1380.98,373.02,21.27,1722.77,31.23,1.78,1722.34,31.66,1.81,1742.83,11.17,0.64,1307.47,446.53,25.46
0.005,0.003125,0.025,2.0,5,40,1.0,1755.0,1755.0,0.0,0.0,1546.18,208.82,11.9,1747.34,7.66,0.44,1723.76,31.24,1.78,1679.81,75.19,4.28,1163.64,591.36,33.7
0.0075,0.003125,0.025,2.0,5,40,1.0,1656.0,1656.0,0.0,0.0,1498.31,157.69,9.52,1667.44,-11.44,-0.69,1684.82,-28.82,-1.74,1610.66,45.34,2.74,1122.03,533.97,32.24
0.00125,0.005,0.0,2.0,5,40,2.0,2164.0,1656.0,508.0,23.48,1866.02,297.98,13.77,1946.23,217.77,10.06,1865.11,298.89,13.81,1879.31,284.69,13.16,1641.83,522.17,24.13
0.0075,0.003125,0.0,2.0,5,40,5.0,1720.0,1720.0,0.0,0.0,1716.25,3.75,0.22,1708.82,11.18,0.65,1712.38,7.62,0.44,1761.89,-41.89,-2.44,1953.86,-233.86,-13.6
0.0075,0.003125,0.0,2.0,5,40,6.0,1614.0,1614.0,0.0,0.0,1509.43,104.57,6.48,1649.74,-35.74,-2.21,1648.08,-34.08,-2.11,1729.83,-115.83,-7.18,2136.29,-522.29,-32.36
0.0075,0.003125,0.0,2.0,10,40,2.0,2093.0,2093.0,0.0,0.0,2066.25,26.75,1.28,2032.08,60.92,2.91,1986.28,106.72,5.1,2011.36,81.64,3.9,1528.3,564.7,26.98
